Транспорт - Запчасти и аксессуары - Запчасти - Для автомобилей - Двигатель;;;;;;;;;;;;;;;;;;;;;;;;;;;;;
Уникальный идентификатор объявления;Способ размещения;Номер объявления на Авито;Номер телефона;Адрес;Способ связи;Категория;Описание объявления;Ссылки на фото;Название объявления;Цена;Вид товара;Вид объявления;Тип товара;Вид запчасти;Тип детали двигателя;Состояние;Происхождение;Доступность;Производитель;Номер детали OEM;Авто для которых подходит запчасть;Марка;Включая НДС;TypeID;WholesaleTypePredict2Param;AvitoDateEnd;AvitoStatus;Название компании;Почта
Обязательный;Необязательный;Необязательный;Необязательный;Обязательный;Необязательный;Обязательный;Обязательный;Необязательный;Обязательный;Обязательный;Обязательный;Обязательный;Обязательный;Обязательный;Обязательный;Обязательный;"Необязательный
Узнать, когда применяется";Необязательный;"Может быть обязательным
Подробнее";"Может быть обязательным
Подробнее";Обязательный;Обязательный;Необязательный;;;;;;
Подробнее о параметре;Одно значение из выпадающего списка в ячейке;Подробнее о параметре;Подробнее о параметре;Подробнее о параметре;Одно значение из выпадающего списка в ячейке;Одно значение из выпадающего списка в ячейке;Подробнее о параметре;Подробнее о параметре;Подробнее о параметре;Целое число;Одно значение из выпадающего списка в ячейке;Одно значение из выпадающего списка в ячейке;Одно значение из выпадающего списка в ячейке;Одно значение из выпадающего списка в ячейке;Одно значение из выпадающего списка в ячейке;Одно значение из выпадающего списка в ячейке;Одно значение из выпадающего списка в ячейке;Одно значение из выпадающего списка в ячейке;Одно значение из листа Спр-Для автомобилей-Двигатель;Подробнее о параметре;Подробнее о параметре;Одно значение из листа Спр-Для автомобилей-Двигатель;Одно значение из выпадающего списка в ячейке;;;;;;
13.07_176;Package;8140319840;79398997136;Ростовская обл., Таганрог;По телефону и в сообщениях;Запчасти и аксессуары;"<p>Двигатель Chery Elara SQR477F в наличии</p> <p><strong>Состояние:</strong> абсолютно новый, пробег 0 км, не устанавливался.</p> <p><strong>Модель:</strong> Chery SQR477F</p> <p><strong>Объём:</strong> 1,5 л</p> <p><strong>Тип:</strong> бензиновый</p> <p><strong>Мощность:</strong> 109 л. с.</p> <p>📲 Напишите VIN — подбеpём тoчно ваш мотop и cкинем видео.</p> <p><strong>Подходит для автомобилей:</strong></p> <p>Chery: Amulet 1 (A15) 2003 - 2010, Bonus 1 (A13) 2011 - 2016, Bonus 3 (A19) 2013 - 2016, E5 1 (A21) 2011 - 2016, Elara 1 (A21) 2006 - 2010, Fulwin 1 (A11) 2003 - 2006, Fulwin 2 (A13) 2009 - 2019, Tiggo 2 1 (A13) 2016 - 2019, Very 1 (A13) 2011 - 2016<br> Vortex: Corda 1 (A15) 2010 - 2012, Estina 1 (A21) 2012 - 2014<br> ZAZ: Forza 1 (A13) 2011 - 2015, Lanos 1 (T150) 2011 - 2015, Vida 1 (T250) 2012 - 2015</p> <p>Soueast: S07 1 (JA1) 2024 - н.в.</p> <p><strong>Комплектация:</strong></p> <p>двигатель в сборе;</p> <p>документация (договор купли‑продажи, чек, ГТД, cертификат ТР ТС 018/2011).</p> <p><strong>Гарантия:</strong> 6 месяцев или 15 000 км пробега — при установке в авторизованном сервисе</p> <p><strong>Преимущества:</strong></p> <p>прошёл стендовые испытания и пробный запуск;</p> <p>оригинальный OEM-номер готовность к установке — не требует доработки;</p> <p>поддержка оформления в ГИБДД (предоставляем необходимые документы).</p> <p><strong>Доставка:</strong></p> <p>по России — транспортными компаниями (срок: 1–7 дней, стоимость: 1 000–5 000 руб.);</p> <p>самовывоз со склада</p> <p><strong>Оплата:</strong></p> <p>наличными;</p> <p>по QR-коду;</p> <p>кредитной картой;</p> <p>безналичным рaсчетом c НДС</p> <p>возможна рассрочка (уточняйте условия).</p> <p><strong>📞 Позвоните — отвeтим на все ваши вопросы.</strong></p>";http://avito.ru/autoload/1/items-to-feed/images?imageSlug=/image/1/1.OT-tILawldablxfb0ygfYYeAl9YdiZ3cGw.2njtjH2SnEWt0cMvKCYNmgNZpw4PcqF-78IMZud7eeY | http://avito.ru/autoload/1/items-to-feed/images?imageSlug=/image/1/1.pa4LZrawCUc90YtKTWyHgBbGC0e7zwFNvQ.TAbPEesxFMJKjb8pRxGGncrdQfmdxAtX-pYN3Q8Fa8w | http://avito.ru/autoload/1/items-to-feed/images?imageSlug=/image/1/1.UkR9KLaw_q1Ln3ygVQ1ia2CI_K3Ngfanyw.Cj3e9UjWxfm32-CssoZM3oIj_-3L-A_JA9Vl9aeqOzA | http://avito.ru/autoload/1/items-to-feed/images?imageSlug=/image/1/1.jTxOnrawIdV4KaPYWLS9Y2Q-I9X-Nynf-A.4tsKvZTZ5e7idDDFjj5W_wI0N_ogw4BHjOb1-lAGQEs | http://avito.ru/autoload/1/items-to-feed/images?imageSlug=/image/1/1.IOpGjrawjANwOQ4OCopCsmwujgP2J4QJ8A.D1Cad8PmVAXEb_QVkSvBHP0OIHyD1vRK22-or_0G3x0 | http://avito.ru/autoload/1/items-to-feed/images?imageSlug=/image/1/1.RpQOC7aw6n04vGhwDiJiuhOr6H2-ouJ3uA.d7ewLsyRBRX1tgSmeZ9SPGlZckTYz1GZtWR2mGoYhDg | http://avito.ru/autoload/1/items-to-feed/images?imageSlug=/image/1/1.ueh8M7awFQFKhJcMAmX3tVaTFwHMmh0Lyg.ly4xNC5xXN7XKqdbRv9Gkc9Lxl5IWBZMs6-sNre17iQ | http://avito.ru/autoload/1/items-to-feed/images?imageSlug=/image/1/1.geh83bawLQFKaq8McvvBtVZ9LwHMdCULyg.ZeEMfhczaHD3b6Gbb0V0q0QoA1OFNnXwgi9STorKnOw | http://avito.ru/autoload/1/items-to-feed/images?imageSlug=/image/1/1.SkMm2Law5qoQb2SnPql5HAx45KqWce6gkA.G9BCeUNPiwiqTJQb41MJL9HoNVBSe26LUDd_EtRayeI;Двигатель Chery Elara SQR477F в наличии;94500;Запчасти;Товар приобретен на продажу;Для автомобилей;Двигатель;Двигатель в сборе;Новое;Не знаю;В наличии;CHERY;SQR477F;;;;16-830;не опт;2026-10-12T11:40:07+03:00;Активно;Мотор Маркет;89608165803zie@gmail.com
29.04_65;Package;7980334853;79398997136;Челябинская обл., Челябинск, Краснопольский пр-т, 1/2;По телефону и в сообщениях;Запчасти и аксессуары;"<p>Двигатель Hyundai i30 G4FA в наличии</p> <p><strong>Состояние:</strong> абсолютно новый, пробег 0 км, не устанавливался.</p> <p><strong>Модель:</strong> Hyundai‑Kia G4FA</p> <p><strong>Объём:</strong> 1,4 л</p> <p><strong>Тип:</strong> бензиновый, 4‑цилиндровый, DOHC</p> <p><strong>Мощность:</strong> 99-109 л. с.</p> <p>📲 Напишите VIN — подбеpём тoчно ваш мотop и cкинем видео.</p> <p><strong>Подходит для автомобилей:</strong></p> <p>Hyundai: i20 1 (PB) 2008 - 2014, ix20 1 (JC) 2010 - 2019, i30 1 (FD) 2007 - 2012, i30 2 (GD) 2011 - 2015, Solaris 1 (RB) 2010 - 2017 </p> <p>Kia: Ceed 1 (ED) 2006 - 2013, Ceed 2 (JD) 2012 - 2015, Rio 3 (QB) 2011 - 2017, Rio 3 (UB) 2011 - 2017, ProCeed 1 (ED) 2007 - 2010, Venga 1 (YN) 2009 - 2019</p> <p><strong>Комплектация:</strong></p> <p>двигатель в сборе;</p> <p>масляный фильтр;</p> <p>прокладки впускного и выпускного коллекторов;</p> <p>документация (договор купли‑продажи, чек, ГТД, cертификат ТР ТС 018/2011).</p> <p><strong>Гарантия:</strong> 6 месяцев или 15 000 км пробега — при установке в авторизованном сервисе (с чек-ордером);</p> <p>Преимущества:</p> <p>прошёл стендовые испытания и пробный запуск;</p> <p>оригинальный OEM-номер: *****12BW02;</p> <p>готовность к установке — не требует доработки;</p> <p>поддержка оформления в ГИБДД (предоставляем необходимые документы).</p> <p><strong>Доставка:</strong> по России — транспортными компаниями (срок: 1–7 дней, стоимость: 1 000–5 000 руб.);</p> <p>самовывоз со склада</p> <p><strong>Оплата:</strong></p> <p>наличными;</p> <p>по QR-коду;</p> <p>кредитной картой;</p> <p>безналичным рaсчетом c НДС</p> <p>возможна рассрочка (уточняйте условия).</p> <p><strong>📞 Позвоните — отвeтим за 2 минуты.</strong></p>";http://avito.ru/autoload/1/items-to-feed/images?imageSlug=/image/1/1.9t7qQ7awWjfc9Ng6ikCQtMvjWDda6lI9XA.DIxaN_uxuiS1zStv4mrKU6KVLmfhpBdw-Q7RDP4uRjQ | http://avito.ru/autoload/1/items-to-feed/images?imageSlug=/image/1/1.8Oi6mbawXAGMLt4M1u6Qj5E5XgEKMFQLDA.kMRV-F5UGiEtKyeZwq5XR_PrOM1cuY8BkIBc19NkP-I | http://avito.ru/autoload/1/items-to-feed/images?imageSlug=/image/1/1.rIEAj7awAGg2OIJlVPWnjykvAmiwJghitg.fUZlNcvaUY_MVsO_7eREIkx-U2XXI41nuOpsaayBggA | http://avito.ru/autoload/1/items-to-feed/images?imageSlug=/image/1/1.sMwLubawHCU9Dp4oZ7-g4SwZHiW7EBQvvQ.3QapxgWEUM29xP2DAQLUvAs6Y9eNTx_ZoG8jNp08bCE | http://avito.ru/autoload/1/items-to-feed/images?imageSlug=/image/1/1.5MaNq7awSC-7HMoiyfT11qYLSi89AkAlOw.QeYxNJhsCgGdHHdynoDvluawnXnvvyxQkZP8-ZNutDk | http://avito.ru/autoload/1/items-to-feed/images?imageSlug=/image/1/1.5tSZ1LawSj2vY8gw2d_6grR0SD0pfUI3Lw.6TdaAXAbekK8wlkBi37NYtcurl7n9FfPJy5UTAu9_Q8 | http://avito.ru/autoload/1/items-to-feed/images?imageSlug=/image/1/1.y3gZfLawZ5Evy-WcA1PHFQzcZZGp1W-brw.b916RiXPJ5gsHDs_fxgGtLTtIvabyosfumeqWq53qyc | http://avito.ru/autoload/1/items-to-feed/images?imageSlug=/image/1/1.ePhtxraw1BFbcVYcEcNzqk5m1hHdb9wb2w.Yr5qtnOYw6QExDmkTs8KLrQmyhu6nKXLgsoaVcBhcns | http://avito.ru/autoload/1/items-to-feed/images?imageSlug=/image/1/1.YcsswLawzSIad08vYpE0owBgzyKcacUomg.UmPZorMHBHa_PCx9N7cp0nWEr84exn4bfF9C4ZB97Z8 | http://avito.ru/autoload/1/items-to-feed/images?imageSlug=/image/1/1.CCigYLawpMGW1ybMvAg3SYvApsEQyazLFg.zuuC-VpcDWvUyH7luLuMKcviHBXUarYIQpRtYwc1B44;Двигатель Hyundai i30 G4FA в наличии;81000;Запчасти;Товар приобретен на продажу;Для автомобилей;Двигатель;Двигатель в сборе;Новое;Не знаю;В наличии;Hyundai / KIA;G4FA;;;;16-830;не опт;2026-09-27T10:36:34+03:00;Активно;Мотор Маркет;89608165803zie@gmail.com
24.08_159;Package;8204802399;79398997136;Нижегородская обл., Нижний Новгород, ГСК Лада, 226;По телефону и в сообщениях;Запчасти и аксессуары;"<p>Двигатель Hyundai Sonata G4KH</p> <p><strong>Состояние:</strong> новый, пробег 0 км, не устанавливался.</p> <p><strong>Модель:</strong> G4KH</p> <p><strong>Объём:</strong> 2,0 л</p> <p><strong>Тип:</strong> бензиновый</p> <p><strong>Мощность:</strong> 240-280 л. с.</p> <p>📲 Напишите VIN — подбеpём тoчно ваш мотop и cкинем видео.</p> <p><strong>Подходит для автомобилей:</strong></p> <p>Hyundai: Santa Fe 3 (DM) 2012 - 2018, Santa Fe 4 (TM) 2018 - 2020, Sonata 6 (YF) 2010 - 2015, Sonata 7 (LF) 2014 - 2020, i30 3 (PD) 2018 - 2020, Veloster 2 (JS) 2018 - 2022</p> <p>Kia: Optima 3 (TF) 2010 - 2015, Optima 4 (JF) 2015 - 2020, Sportage 3 (SL) 2010 - 2015, Sportage 4 (QL) 2015 - 2021, Sorento 3 (UM) 2014 - 2020</p> <p><strong>Комплектация:</strong></p> <p>двигатель в сборе;</p> <p>документация (договор купли‑продажи, чек, ГТД, cертификат ТР ТС 018/2011).</p> <p><strong>Гарантия:</strong> 6 месяцев или 15 000 км пробега — при установке в авторизованном сервисе</p> <p><strong>Преимущества:</strong></p> <p>прошёл стендовые испытания и пробный запуск;</p> <p>оригинальный OEM-номер готовность к установке — не требует доработки;</p> <p>поддержка оформления в ГИБДД (предоставляем необходимые документы).</p> <p><strong>Доставка:</strong></p> <p>по России — транспортными компаниями (срок: 1–7 дней, стоимость: 1 000–5 000 руб.);</p> <p>самовывоз со склада</p> <p><strong>Оплата:</strong></p> <p>наличными;</p> <p>по QR-коду;</p> <p>кредитной картой;</p> <p>безналичным рaсчетом c НДС</p> <p>возможна рассрочка (уточняйте условия).</p> <p><strong>📞 Позвоните — отвeтим на все ваши вопросы.</strong></p>";http://avito.ru/autoload/1/items-to-feed/images?imageSlug=/image/1/1.TijYG7aw4sHurGDMyHYyAMW74MFosurLbg.wfAJRBF70BGmAauOk7H4GzfWSkiRgf8QcUTsxMcQivE | http://avito.ru/autoload/1/items-to-feed/images?imageSlug=/image/1/1._lBwG7awUrlGrNC0AFTHf227ULnAslqzxg.gUnvhx8g6cOySAFByzOFsJNcu0T0UER1PCY4aZzI4SE | http://avito.ru/autoload/1/items-to-feed/images?imageSlug=/image/1/1.5lMi3LawSroUa8i3Yveifj98SLqSdUKwlA.wQGv86nebaH1-AcGyCUUsoPHgOpY-XF6GGjCGAWSYsc | http://avito.ru/autoload/1/items-to-feed/images?imageSlug=/image/1/1.IbflNbawjV7Tgg9Tq1F_mfiVj15VnIVUUw.EQKnXrqOqDVLLlLXZESV0mpShIH_l8QSy2RVFZAAI0k | http://avito.ru/autoload/1/items-to-feed/images?imageSlug=/image/1/1.QvA9Cbaw7hkLvmwUNVhw3yCp7BmNoOYTiw.uFAg925nKqluOT_jQn13w9pYMOYQP2qL3MJhYhFX2kU;Двигатель Hyundai Sonata G4KH;148500;Запчасти;Товар приобретен на продажу;Для автомобилей;Двигатель;Двигатель в сборе;Новое;Не знаю;В наличии;Hyundai / KIA;G4KH;;;;16-830;не опт;2026-09-25T11:42:01+03:00;Активно;Мотор Маркет;89608165803zie@gmail.com
